{"trajectory": [[0.5544986724853516, 1.679084220995719e-06, 0.5194988250732422, 0.4464100454448228, -0.02066621283138156, 0.024988081867089458, 1.0], [0.5545055270195007, 1.3215885701356456e-06, 0.3355022072792053, 0.4464141228288313, -0.020634589803607353, 0.02498808190104995, 1.0]], "score": -0.836068179205727}