{"features": [[0.5084456233652178, 1.1848886937171343e-06, 9.605551070809848e-06, 1.1918111960645267e-05], [0.16913299097371004, 1.1766021911996383e-05, 9.166212497793702e-05, 1.1918075815488954e-05], [0.26810517072474405, 2.177651057622132e-05, 0.000169270639801114, 1.1918041593356882e-05], [0.042237966575867605, 0.05496522384333902, 0.002426643392878347, 0.0014747787481674685], [0.0434185771561142, 0.30563469377766395, 0.019574973097269743, 0.001999421946286349]], "score": -1.0278303738718304}