{"features": [[0.5601439169567933, 4.997965321607012e-07, 4.296652593716033e-06, 1.1918574188835018e-05], [0.015914570484933218, 1.8975652244401786e-05, 0.00014674286738730613, 1.000000000002041e-05], [0.01910292969403655, 0.0037458774661309757, 0.0020103330394264374, 0.037939651486771135], [0.019183124940548416, 0.00369267857000688, 0.0021077087539808637, 0.25299098861851493], [0.019284638897326015, 0.003956292003984618, 0.38144810788473515, 0.5931354203775211]], "score": 0.2504587980833584}