{"features": [[0.5767564072133511, 2.948238665811953e-06, 2.328200548701309e-05, 1.1918105774832988e-05], [0.01648454199235053, 0.00011936732401973682, 0.0025486950007432285, 6.201285454400518e-06], [0.0207289644728524, 0.003757425589504315, 0.005883226448751666, 0.2699610342558768], [0.020677230895879382, 0.0030071444493257604, 0.005232746998263538, 0.4885628152057352], [0.020707194000869796, 0.0029717148647361857, 0.005328846966428713, 0.6295039394906288]], "score": 0.7326915697681669}