{"features": [[0.5070449102233511, 4.321614042179789e-07, 3.777449409950173e-06, 1.1919088359610419e-05], [0.40698705554276565, 5.537585487824792e-06, 4.336362820005213e-05, 1.191809699524482e-05], [0.38763919506041106, 1.1282301028203712e-05, 8.791140991358526e-05, 1.1918077463479726e-05], [0.6359787574661611, 2.578879063641626e-05, 0.0002003704398599454, 1.191802781395912e-05], [0.7818091321326803, 3.4573933272885604e-05, 0.0002684527233994677, 1.1917997517225248e-05]], "score": -2.7193994591372195}