{"features": [[0.49972525773822907, 1.013763940793666e-06, 8.27829297442989e-06, 1.1918113788901563e-05], [0.2592688226187931, 1.5777387332771564e-05, 0.00012276379073061783, 1.191806212901339e-05], [0.012993459887665282, 0.005684613019329321, 0.018705972450258478, 4.971422549547924e-05], [0.01725962135285757, 0.006062516971157339, 0.016315604883745623, 0.09560037975240113], [0.016604965236555334, 0.004629172984189189, 0.01624275373258969, 0.6725170234018539]], "score": -0.03766117327843177}