{"features": [[0.5110857528782439, 3.3294046997145443e-07, 3.0278531571656386e-06, 1.1920992441384615e-05], [0.3720996811807434, 1.4534495032580974e-05, 0.00011312754731410135, 1.1918066373507036e-05], [0.3075801074650156, 2.861026371131503e-05, 0.0002222379390663734, 1.1918018102574646e-05], [0.031713650485005546, 0.029099012268790525, 0.0017403082407389109, 1.000000000002041e-05], [0.03182466574741604, 0.030007712594221136, 0.4706101591460308, 1.0000000000249393e-05]], "score": -1.2542481006795065}