{"features": [[0.534911983183526, 1.7057024280786592e-06, 1.3645025043557135e-05, 1.1918109983171526e-05], [0.30898524776339437, 7.092753188109313e-06, 5.5423994264669485e-05, 1.1918091715013707e-05], [0.05398775882257308, 0.08282745933611546, 0.008758103642048987, 1.0000220476463068e-05], [0.018552437064095435, 0.027701156128261795, 0.005823374699546191, 0.00037812061981308195], [0.013442924244110109, 0.1117162861541115, 0.010124559611416173, 0.053885538801510736]], "score": -0.8755828552342005}