{"features": [[0.49700100045003737, 1.3039314501472887e-06, 1.0528860475245844e-05, 1.1918111399153442e-05], [0.009762273329896197, 0.007477225680000421, 0.00534872767752469, 5.075114778794673e-05], [0.014972330870078376, 0.12754193729449903, 0.004053243072274979, 0.023026011480982184], [0.014976217420232573, 0.166457843084454, 0.20484355141989835, 0.024038792966567225], [0.014974587222095664, 0.16645692963287484, 0.2048662612464715, 0.5170322548346223]], "score": 0.012473319249018677}