{"features": [[0.49508342651102366, 1.0435249800933022e-06, 8.509120504957002e-06, 1.1918113273015618e-05], [0.01153507391280082, 0.00023894699203219627, 0.0019161484176905656, 3.888897308226141e-05], [0.011626507266767795, 0.16897201421452523, 0.0013539409344289245, 0.1679561100031548], [0.011658044318736457, 0.1558553904069503, 0.19332777259510944, 0.43115135892152223], [0.012315266592278065, 0.1817368245468457, 0.3451142065036504, 0.6422262717015107]], "score": 0.6991662291109362}