{"features": [[0.5378801279834937, 2.937860125173941e-07, 2.739783951571928e-06, 1.1922480059038676e-05], [0.24311225170682155, 1.423680145795636e-05, 0.00011081945442609209, 1.1918067389624781e-05], [0.016736626430068038, 0.006069909035737786, 0.028032094812219327, 4.885741431557428e-05], [0.021339032647509266, 0.004213883268692653, 0.347076990771501, 0.03804716826591776], [0.02110880023418597, 0.19561319346336725, 0.48015578384655966, 0.03812814563164662]], "score": -0.76392882714275}